id,type,text1,text2,text3,text4,notes
,,,,,,
nskr_prosperity,SHIP,"The Prosperity-class battleship is the public face of Kesteven's naval doctrine: high-speed, high-caliber deterrence dressed in corporate polish. Decades behind schedule and funded through layers of creative accounting, it nonetheless delivers overwhelming frontal firepower and fast target acquisition, enabling it to break line formations and scatter heavier opposition with startling efficiency.

Originally conceived pre-Collapse as a Domain-sanctioned replacement for the Onslaught, the Prosperity project languished in development hell until Kesteven corporate leadership revived it with a mix of desperation and opportunism. Funded through an opaque series of DRA ""infrastructure reinvestments,"" the program resumed under intense Hegemonial pressure to deliver a flagship-class hull in the wake of the first AI war. Though only a partial realization of its original design, the rollout was a critical PR win for Kesteven - at significant cost to Asteria’s internal stability. The Hegemony, ironically, declined to adopt the hull due to the excessive manufacturing costs.",,,,
,,,,,,
nskr_nighthawk,SHIP,"The Nighthawk fills a straightforward role in Kesteven fleets as a line ship, pairing solid durability with concentrated firepower. It’s expensive to run, unpopular with maintenance crews, and has a bad reputation for being difficult to handle - but Asteria’s factories keep producing them nonetheless.

The Cruiser is a product of the short-lived ""Construction"" defense line - an ambitious pre-Collapse venture into high-performance warship design. Its intricate systems and steep upkeep costs doomed it in the civilian market. Recommissioned with little alteration beyond branding, it has gained a new lease on life under corporate control, primarily due to the lack of alternatives in the relatively young Kesteven warship catalogue.",,,,
,,,,,,
nskr_devilcatcher,SHIP,"Aggressive tactics at a premium, the Devilcatcher-class is Kesteven’s high-end fast cruiser - sleek, expensive, and built for velocity. It fields an unorthodox engine array enabling sharp bursts of speed and maneuverability well beyond standard cruiser performance, ideal for hit-and-fade strikes or rapid flanking actions.

The tradeoff is unforgiving: its drive system demands strict adherence to maintenance protocols, as even minor misalignments risk triggering catastrophic P-space cascade failures during activation. Unsurprisingly, the design was never popular outside of internal Kesteven use - but within corporate fleets, performance outweighs the margin for error.",,,,
,,,,,,
nskr_mercenary,SHIP,"Marketed to high-end independents, the Mercenary-class frigate is a polished offering from Kesteven's defense catalogue, designed to project competence as much as firepower. Thick armor plating, broad turret coverage, and an integrated projectile suppression field make it well-suited to close escort roles in volatile environments.

Its styling and build quality target the wealthy operator - those who need to look professional while staying alive. Beneath the brochure polish, however, lies the usual Kesteven compromise: performance comes at a steep cost, and repairs must be done to spec, or not at all.",,,,
,,,,,,
nskr_blackbird,SHIP,"The Blackbird functions as a precision killer, built for rapid interception and elimination of high-value targets. Fast, lightly armored, and heavily armed, it excels in aggressive maneuvers that leave little margin for error - or survival.

Originally a half-finished prototype shelved in the final years before the Collapse, the Blackbird-class was rushed into production during the chaos and never left it. Kesteven quickly discovered its value as a strike platform, and the design has seen continuous service since - streamlined, but still unmistakably a weapon born of crisis.
",,,,
,,,,,,
nskr_dragontail,SHIP,"Billed as the fastest mass-produced frigate ever built - according to Kesteven's own marketing, at least - the Dragontail-class is engineered for raw velocity and unorthodox mobility. Its light frame and overpowered engines allow for blistering acceleration, while the experimental “pullback” drive system enables sudden temporal repositioning mid-engagement.

Designed for striking slower targets and breaking formation lines, the Dragontail thrives when it's the fastest thing on the field, lending itself to high-risk engagements. The delicate tech remains poorly understood outside Kesteven labs, but the results are hard to argue with - when it works.",,,,
,,,,,,
nskr_kingstork,SHIP,"The first hull rolled out by the then-new Kesteven Construction defense branch, the Kingstork-class remains one of the company’s more successful designs. Straightforward, robust, and easy to maintain, it gained a rare degree of acceptance among independent captains and corporate crews alike.

Built around a strong shield and solid hull geometry, the Kingstork performs well in escort duties and close-range brawls. Its main drawback is a lackluster top speed, which leaves it struggling to reposition or retreat when larger threats enter the field. Still, for a Kesteven ship, it's unusually well-regarded - mostly because it works.",,,,
,,,,,,
nskr_kingslayer,SHIP,"The Kingslayer-class is a crude masterpiece: all speed, firepower, and contempt. Rumored to be the personal project of a bitter Kesteven engineer gone rogue, the ship first appeared in the waning years of the Collapse, cobbled together from retrofitted parts at an unregistered dockyard. The craftsmanship is precise, but entirely unorthodox - a vessel built to kill, not comply.

Capable well beyond the norms of post-Collapse design, the Kingslayer leaves only wreckage behind. It operates as a fast assault ship, optimized for shock engagements and raw destruction. Most who claim to have seen one are either dead or lying. Among spacers, it is less a class of ship than a whispered warning.",,,,
,,,,,,
nskr_stalwart,SHIP,"The Stalwart-class cruiser is a modernized support platform, built around experimental missile systems and designed to complement frontline units from a distance. Developed alongside the more prolific Champion-class as a budget-conscious alternative, it was intended to fill logistics-oriented roles without sacrificing battlefield presence.

Both designs were plagued by delays and technical setbacks that stalled Domain-era deployment. Post-Collapse, recovered blueprints allowed limited production to resume. While uncommon, the Stalwart has proven dependable when properly integrated - a situational asset that rewards careful fleet coordination.",,,,
,,,,,,
nskr_verity,SHIP,"The Verity-class represents the apex of late Domain-era warship design, showcasing advanced electronic suites and cutting-edge energy weapon integration. Released to market mere cycles before the Collapse, it remains one of the most technically refined hulls to see serial production.

Demanding to fly and maintain, the Verity trades durability for precision. Its high mobility and flexible weapon arcs allow for rapid, responsive strikes at varied ranges - in the hands of a capable pilot, it delivers consistent pressure across the line. In less competent hands, it burns out fast.",,,,
,,,,,,
nskr_rhea,SHIP,"The Rhea-class is an outlier among pirate-built ships: fast, aggressive, and engineered with a degree of technical competence that belies its origin. Armed with overwhelming firepower and built for rapid engagements, it’s the kind of threat that turns complacency into wreckage in seconds.

Its fragile frame and limited endurance make it a poor choice for the cautious, but under the right commander, it thrives in chaos. Fortunately for most, the Rhea remains rare - its design requires far more skill and infrastructure than the average back-alley shipyard can provide.",,,,
,,,,,,
nskr_borealis,SHIP,"The Borealis-class blends high-end scientific equipment with military capability, optimized for deep-space operations in contested regions. Outfitted with fleet-grade sensor suites, integrated command electronics, and multiple fighter bays, it provides both reconnaissance reach and force multiplication to any battlegroup it accompanies.

Despite its effectiveness as a support vessel, the Borealis remains a rare sight. The cost of construction rivals that of frontline warships, and its civilian classification ensures it’s often passed over for more combat-focused alternatives. Those few in operation, however, are prized assets.",,,,
,,,,,,
nskr_reverie,SHIP,"Among the most agile cruisers in known space, the Reverie-class is built for evasive operations and precision strikes. Its maneuverability makes it difficult to intercept without overwhelming force, and its modular weapons grid supports a variety of hit-and-run loadouts tailored to fast engagement cycles.

Its signature armament, an early version of the now-feared mine strike system, delivers concentrated missile salvos capable of punishing inattentive targets. While less devastating than its successors, it remains effective - especially when deployed from an angle the enemy never saw coming.",,,,
,,,,,,
nskr_malediction,SHIP,"The Malediction is a top-tier fast attack frigate, rivaling the vaunted Tempest in speed and lethality. Built for aggressive maneuvering and close-range dominance, it excels at hunting down other frigates and harassing slower targets with impunity.

Equipped with integrated Pursuer drones - a bleeding-edge weapons platform developed by Tri-Tachyon - the Malediction brings advanced autonomous fire support to any skirmish. Few ships in its class can match its precision or pressure, though like most experimental designs, it comes with a maintenance bill to match.",,,,
,,,,,,
nskr_pursuer,SHIP,"The Pursuer is an experimental weapons drone equipped with delta-core AI architecture, designed to exploit gaps in enemy defenses. Fast and difficult to target, it specializes in harassing distracted ships and drawing fire away from its host.

Its volatile EM core delivers an unexpected punch: on detonation, it releases a concentrated energy burst capable of damaging systems well beyond what its small frame suggests. Paired with the Malediction, the Pursuer acts as both decoy and dagger - a precision threat in miniature.",,,,
,,,,,,
nskr_rorqual,SHIP,"The Rorqual-class was the apex of Rogue Co. shipbuilding - a custom-engineered heavy cruiser featuring overcharged propulsion systems and the company’s signature flux anomaly discharger. With few exploitable weaknesses and high-end specs across the board, it earned a reputation as a near-perfect combat platform amongst the few that could afford it.

Each hull was hand-built by Rogue Company’s mix of engineers, smugglers, and ex-military specialists, tailored for maximum performance rather than mass production. The group did not survive the collapse, and their tech went with them. Only a few Rorquals remain, and all of them are considered priceless relics, more likely to be found in a private collection than in a warfleet.",,,,
,,,,,,
nskr_reverie_boss,SHIP,"This heavily modified Reverie-class cruiser serves as the personal flagship of a rogue AI core that, by most accounts, only wanted a brief vacation from its blacksite assignment. It chose poorly, and transcended straight into legend for it.

The ship's systems are calibrated well beyond safe operational limits. Outfitted with a unique “Void” power core, it draws energy at levels that visibly distort local space, warping sensor readings and overloading nearby systems.

The result is a vessel capable of overwhelming force projection and impossible maneuvering, far outside standard human design constraints. Few who’ve encountered it have survived, and those who have rarely agree on what they saw - only that it ended quickly.",Unidentified Vessel,"UNKNOWN ENTRY

Please register your Tri-Tachyon datapad to receive the latest news and updates.",,
,,,,,,
nskr_harbinger_boss,SHIP,"This extensively modified Harbinger-class frigate sports a new power core and a refitted entropy amplifier, making it significantly deadlier than its standard counterpart. Field performance suggests a level of tuning well beyond sanctioned specifications.

Spacer yarn tells of a daring raid against the Culann facilities in the waning days of the Second AI War - a job pulled by a severely underpaid contractor with a stolen charge of experimental breaching tech. Expecting a vault, she blew a hole into an abandoned hangar instead, finding a forgotten, barely flight-worthy prototype Harbinger-class starship. The presence of this vessel in the current age tells the remainder of the tale.",Unidentified Vessel,"UNKNOWN ENTRY

Please register your Tri-Tachyon datapad to receive the latest news and updates.",,
,,,,,,
nskr_afflictor_boss,SHIP,"This customized Afflictor-class frigate features upgraded systems across the board, improving its speed, phase endurance, and strike potential. Slippery and aggressive, it's a persistent threat in any skirmish - and a real problem if left unchecked.

Spacers tell of a disappointed Tri-Tachyon executive losing his auction bid on a unique, heavily modified and only lightly scorched harbinger-class hull - a rare and valuable collectors piece. Enraged, he commissioned this ship instead, only to have it stolen from his personal hangar three months after delivery. The ship resurfaced at auction a year after - and the executive failed to win the bid.",Unidentified Vessel,"UNKNOWN ENTRY

Please register your Tri-Tachyon datapad to receive the latest news and updates.",,
,,,,,,
nskr_minokawa,SHIP,"“There’s no room for hesitation. We’ll allocate the resources and personnel as needed—full clearance, all departments. From this point forward, the project takes precedence over all others.”
– Dr. Vaughn, Project Lead",Unidentified Vessel,"UNKNOWN ENTRY

Please register your Tri-Tachyon datapad to receive the latest news and updates.",,
,,,,,,
nskr_sovereign,SHIP,"“Our work on temporal fields must continue without interruption. Incidents involving causality interference are no longer theoretical—they’re becoming operational threats.”
– Dr. Vaughn, Project Lead",Unidentified Vessel,"UNKNOWN ENTRY

Please register your Tri-Tachyon datapad to receive the latest news and updates.",,
,,,,,,
nskr_nemesis,SHIP,"“Yes, the deployment of higher-order AI is controversial. But from a functional standpoint, it is indispensable. Our concern now must be containment. This data cannot be allowed to leave the facility.”
– Dr. Virtanen, Head of Information Security",Unidentified Vessel,"UNKNOWN ENTRY

Please register your Tri-Tachyon datapad to receive the latest news and updates.",,
,,,,,,
nskr_muninn,SHIP,"“Symptoms such as nausea, blurred vision, paranoia, and minor hallucinations have been reported. These are expected side effects and should be disregarded for now. We’ll resolve them in later iterations.”
– Sr. Engineer Taktre, Project Log #2365",Unidentified Vessel,"UNKNOWN ENTRY

Please register your Tri-Tachyon datapad to receive the latest news and updates.",,
,,,,,,
nskr_warfare,SHIP,"“AI-assisted computation has significantly accelerated our development timeline. At this rate, we can expect the platform to be delivered precisely on schedule.”
– Dr. Aslov, Materials Science, Department 24",Unidentified Vessel,"UNKNOWN ENTRY

Please register your Tri-Tachyon datapad to receive the latest news and updates.",,
,,,,,,
nskr_epochx,SHIP,"“In the end, everything proceeds as it must. Some outcomes simply take longer to unfold.”
– Dr. Vaughn, Project Lead",Unidentified Vessel,"UNKNOWN ENTRY

Please register your Tri-Tachyon datapad to receive the latest news and updates.",,
,,,,,,
nskr_epoch,SHIP,"“Now that we’ve completed the transition to clearance level two, we can begin integration of the Gamma-core-assisted temporal reposition matrix. With the additional computational overhead, we should be able to prevent the P-space cascade failures that plagued earlier trials.”
– Dr. Tallaha, Applied Engineering, Wing 97",Unidentified Vessel,"UNKNOWN ENTRY

Please register your Tri-Tachyon datapad to receive the latest news and updates.",,
,,,,,,
nskr_widow,SHIP,"“There are times I reflect on the weight of designing weapons like these. But ultimately, I remind myself - the responsibility lies with the one who chooses to fire.”
– Dr. Katame, Journal Entry #5811",Unidentified Vessel,"UNKNOWN ENTRY

Please register your Tri-Tachyon datapad to receive the latest news and updates.",,
,,,,,,
nskr_torpor,SHIP,"“Fast or slow - it’s all relative. From a photon’s point of view, we’re barely moving at all.”
– Dr. Allegre, Temporal Physics, Wing 17",Unidentified Vessel,"UNKNOWN ENTRY

Please register your Tri-Tachyon datapad to receive the latest news and updates.",,
,,,,,,
nskr_eternity,SHIP,"“Forever’s a long haul - longer than most realize.”
– Test Pilot “Umbra,” Project Log #6663",Unidentified Vessel,"UNKNOWN ENTRY

Please register your Tri-Tachyon datapad to receive the latest news and updates.",,
,,,,,,
nskr_huginn,SHIP,"A specialized heavy-assault drone platform, built for frontline deployment. Equipped with a unique high-output blaster, it delivers concentrated firepower well beyond standard drone armament.",Unidentified Vessel,"UNKNOWN ENTRY

Please register your Tri-Tachyon datapad to receive the latest news and updates.",,
,,,,,,
nskr_minokawa_e,SHIP,"[DATABASE ERROR:451]OOOOOOoooooooooooooooo E ee 					
[If the problem persists, please contact your nearest TriPad™ service center for diagnostics and repair.]

Though autonomous war machines were explicitly banned within Domain core space, advanced AI systems were developed in secrecy beyond incorporated volume. Persistent rumors speak of derelict prototypes hijacked by rogue intelligences, drifting in the uncharted void. None of these stories end well - and most end only in static.",,,,
,,,,,,
nskr_sovereign_e,SHIP,"[DATABASE ERROR:451]OOOOOOoooooooooooooooo E ee 					
[If the problem persists, please contact your nearest TriPad™ service center for diagnostics and repair.]

Though autonomous war machines were explicitly banned within Domain core space, advanced AI systems were developed in secrecy beyond incorporated volume. Persistent rumors speak of derelict prototypes hijacked by rogue intelligences, drifting in the uncharted void. None of these stories end well - and most end only in static.",,,,
,,,,,,
nskr_nemesis_e,SHIP,"[DATABASE ERROR:451]OOOOOOoooooooooooooooo E ee 					
[If the problem persists, please contact your nearest TriPad™ service center for diagnostics and repair.]

Though autonomous war machines were explicitly banned within Domain core space, advanced AI systems were developed in secrecy beyond incorporated volume. Persistent rumors speak of derelict prototypes hijacked by rogue intelligences, drifting in the uncharted void. None of these stories end well - and most end only in static.",,,,
,,,,,,
nskr_muninn_e,SHIP,"[DATABASE ERROR:451]OOOOOOoooooooooooooooo E ee 					
[If the problem persists, please contact your nearest TriPad™ service center for diagnostics and repair.]

Though autonomous war machines were explicitly banned within Domain core space, advanced AI systems were developed in secrecy beyond incorporated volume. Persistent rumors speak of derelict prototypes hijacked by rogue intelligences, drifting in the uncharted void. None of these stories end well - and most end only in static.",,,,
,,,,,,
nskr_warfare_e,SHIP,"[DATABASE ERROR:451]OOOOOOoooooooooooooooo E ee 					
[If the problem persists, please contact your nearest TriPad™ service center for diagnostics and repair.]

Though autonomous war machines were explicitly banned within Domain core space, advanced AI systems were developed in secrecy beyond incorporated volume. Persistent rumors speak of derelict prototypes hijacked by rogue intelligences, drifting in the uncharted void. None of these stories end well - and most end only in static.",,,,
,,,,,,
nskr_eternity_e,SHIP,"[DATABASE ERROR:451]OOOOOOoooooooooooooooo E ee 					
[If the problem persists, please contact your nearest TriPad™ service center for diagnostics and repair.]

Though autonomous war machines were explicitly banned within Domain core space, advanced AI systems were developed in secrecy beyond incorporated volume. Persistent rumors speak of derelict prototypes hijacked by rogue intelligences, drifting in the uncharted void. None of these stories end well - and most end only in static.",Unidentified Vessel,"UNKNOWN ENTRY

Please register your Tri-Tachyon datapad to receive the latest news and updates.",,
,,,,,,
nskr_epochx_e,SHIP,"[DATABASE ERROR:451]OOOOOOoooooooooooooooo E ee 					
[If the problem persists, please contact your nearest TriPad™ service center for diagnostics and repair.]

Though autonomous war machines were explicitly banned within Domain core space, advanced AI systems were developed in secrecy beyond incorporated volume. Persistent rumors speak of derelict prototypes hijacked by rogue intelligences, drifting in the uncharted void. None of these stories end well - and most end only in static.",,,,
,,,,,,
nskr_epoch_e,SHIP,"[DATABASE ERROR:451]OOOOOOoooooooooooooooo E ee 					
[If the problem persists, please contact your nearest TriPad™ service center for diagnostics and repair.]

Though autonomous war machines were explicitly banned within Domain core space, advanced AI systems were developed in secrecy beyond incorporated volume. Persistent rumors speak of derelict prototypes hijacked by rogue intelligences, drifting in the uncharted void. None of these stories end well - and most end only in static.",,,,
,,,,,,
nskr_widow_e,SHIP,"[DATABASE ERROR:451]OOOOOOoooooooooooooooo E ee 					
[If the problem persists, please contact your nearest TriPad™ service center for diagnostics and repair.]

Though autonomous war machines were explicitly banned within Domain core space, advanced AI systems were developed in secrecy beyond incorporated volume. Persistent rumors speak of derelict prototypes hijacked by rogue intelligences, drifting in the uncharted void. None of these stories end well - and most end only in static.",,,,
,,,,,,
nskr_torpor_e,SHIP,"[DATABASE ERROR:451]OOOOOOoooooooooooooooo E ee 					
[If the problem persists, please contact your nearest TriPad™ service center for diagnostics and repair.]

Though autonomous war machines were explicitly banned within Domain core space, advanced AI systems were developed in secrecy beyond incorporated volume. Persistent rumors speak of derelict prototypes hijacked by rogue intelligences, drifting in the uncharted void. None of these stories end well - and most end only in static.",,,,
,,,,,,
nskr_huginn_e,SHIP,"[DATABASE ERROR:451]OOOOOOoooooooooooooooo E ee 					
[If the problem persists, please contact your nearest TriPad™ service center for diagnostics and repair.]

Though autonomous war machines were explicitly banned within Domain core space, advanced AI systems were developed in secrecy beyond incorporated volume. Persistent rumors speak of derelict prototypes hijacked by rogue intelligences, drifting in the uncharted void. None of these stories end well - and most end only in static.",,,,
,,,,,,
nskr_aed,SHIP,"[DATABASE ERROR:451]OOOOOOoooooooooooooooo E ee 					
[If the problem persists, please contact your nearest TriPad™ service center for diagnostics and repair.]

Though autonomous war machines were explicitly banned within Domain core space, advanced AI systems were developed in secrecy beyond incorporated volume. Persistent rumors speak of derelict prototypes hijacked by rogue intelligences, drifting in the uncharted void. None of these stories end well - and most end only in static.",,,,
,,,,,,
nskr_sunburst,SHIP,"[DATABASE ERROR:451]OOOOOOoooooooooooooooo E ee 					
[If the problem persists, please contact your nearest TriPad™ service center for diagnostics and repair.]

A remnant of the autonomous warfleets once developed by Tri-Tachyon. These constructs were outlawed under Domain and later Hegemony law - anathema to the Church of Galactic Redemption - and marked for eradication during the First AI War. According to official records, they were all destroyed. Official records rarely tell the whole story.",Unidentified Vessel,"UNKNOWN ENTRY

Please register your Tri-Tachyon datapad to receive the latest news and updates.",,
,,,,,,
nskr_pbcc,WEAPON,"“You ever think about... what happens if the containment field fails?”
“They’ve calculated that to be impossible.”
“And if they’re wrong?”
“Well, it won’t be our problem anymore.”", - Jr.engineer Braams and Sr.engineer Nicholson - Transcript of recording #783,,,
,,,,,,
nskr_mfrocketpod,WEAPON,“Test firing tripped every breaker on the ship. Recommend further refinement.”,"- Test Pilot ""V"" - Project log #0651",,,
,,,,,,
nskr_spikem,WEAPON,“Direct hit to the forward bulkheads. Shrapnel made it all the way aft - ended with some poor bastard pinned to the engine deck ceiling.”, - Damage report on the now recovered ISS Old Forgoyle,,,
,,,,,,
nskr_spikes,WEAPON,"""I won’t authorize further delays. No more extensions. At this point, let’s just hope it works at all - for everyone’s sake.""", - Department Lead Lionis - Project log #4494,,,
,,,,,,
nskr_tremorm,WEAPON,"“I hate it here. Some genius broke the lounge coffeemaker, so now I have to file a requisition. That’ll take a week. Then they’ll submit their own request, which takes another week, and after that they’ll schedule a tech to install a new unit... in two to four weeks. These are not appropriate working conditions.”"," - Anonymous Complaint Box Entry, submitted by Thomas Dorcel, Employee #24661",,,
,,,,,,
nskr_tremors,WEAPON,"“Delta-core-assisted swarm targeting may constitute higher-level AI in practice, if not in classification. Requesting formal review by the AI Ethics Board.”", - Hegemonial Oversight Technician Greene - Project log #1251,,,
,,,,,,
nskr_emgl,WEAPON,“Some folks treat the low-clearance wings like we’re just fabricating toaster parts. But at least we’re not getting bioscanned every fifty steps.”, - Dr. Sheffield - Journal #9022,,,
,,,,,,
nskr_scannonm,WEAPON,“Head of engineering reported catastrophic failure across all onboard electronics. Felt like we got slapped by a solar flare the moment it hit.”," - AAR of encounter at the fringes, opfor unknown.",,,
,,,,,,
nskr_arcgen,WEAPON,"“The static surge destroyed the projector, the target, and the wall behind it.”"," - Project engineer Hrag - Electro magnetics, wing #102",,,
,,,,,,
nskr_scatterm,WEAPON,"“Obtaining reliable readings of the event has become increasingly difficult. Now that we’ve exceeded the Hagedorn temperature, the containment field can’t suppress the spontaneous antimatter chain reactions triggered by the particle. Redesigning the experimental setup is now the project’s top priority. I suspect this phenomenon has more potential than we initially understood.”", - Department Lead Dr. Leal-Francis - Project log #3401,,,
,,,,,,
nskr_plasmal,WEAPON,“Yeah... [static]... I’d say that’s a big fucking gun. Over.”, - Salvor team Golf - Near [REDACTED],,,
,,,,,,
nskr_hshotgun,WEAPON,"“What do they even need a gun this big for?”
“You really ought to stop asking ‘what for,’ Doctor. It’s better for your health.”", - Transcript of surveillance log #353,,,
,,,,,,
nskr_inverter,WEAPON,"“The recursive behavior of these anomalies has drawn formal interest from the Temporal Dynamics Board. Until we receive a conclusive ruling on whether project clearance needs to be elevated, all work is on hold. Estimated timeline: three to six business months.”"," - Dr. Chen - High energy physics, department #178",,,
,,,,,,
nskr_collector,WEAPON,"“I’ve never seen anything like it. A perfect sphere carved out of solid material - meters across, centered on the impact point, with millimeter precision. There’s no way they’re buffing this one out.”", - Inspection of the now wrecked K-CORP Nightrunner,,,
,,,,,,
nskr_huginn_arm_right,WEAPON,A heavy blaster built into the Huginn-type attack drone. The Garde has the capability to provide excellent results against most targets thanks to the massive blast radius and high damage.,,,,
,,,,,,
nskr_huginn_e_arm_right,WEAPON,"[DATABASE ERROR:451]OOOOOOoooooooooooooooo E ee 					
[If the problem persists, please contact your nearest TriPad™ service center for diagnostics and repair.]",,,,
,,,,,,
nskr_huginn_arm_left,WEAPON,A relatively standard light rocket launcher with a rudimentary auto-loader that ensures sustained rocket output even in extended battles.,,,,
,,,,,,
nskr_huginn_e_arm_left,WEAPON,"[DATABASE ERROR:451]OOOOOOoooooooooooooooo E ee 					
[If the problem persists, please contact your nearest TriPad™ service center for diagnostics and repair.]",,,,
,,,,,,
nskr_vulcanFi,WEAPON,"A simple modification of the venerable Vulcan cannon, adapted for fighter use.",,,,
,,,,,,
nskr_bc_single,WEAPON,"A basic dumb-fire torpedo with a shaped charge warhead, capable of massive damage to large ships.",,,,
,,,,,,
nskr_bc_tube,WEAPON,A magazine-fed weapon system launching multiple torpedoes. Each has a shaped charge for high damage against larger vessels.,,,,
,,,,,,
nskr_paradox,SHIP_SYSTEM,"Makes the ship invulnerable and boosts flux dissipation, but disables movemen",Defensive,,,
,,,,,,
nskr_temporal,SHIP_SYSTEM,"Phases forward in the ship’s facing direction, then unleashes a massive energy blast.",Movement,,,
,,,,,,
nskr_timewarp,SHIP_SYSTEM,"Slows time and boosts top speed, but disables all weapons.",Movement,,,
,,,,,,
nskr_boostdrive,SHIP_SYSTEM,"Floods the engines with power, greatly increasing top speed but preventing deceleration.",Movement,,,
,,,,,,
nskr_masstargeting,SHIP_SYSTEM,"Provides precise targeting data on all nearby hostile targets to allies, including fighters. Increases allied weapon damage to fighters and missiles, and boosts non-missile weapon range.",Offensive,"Provides precise targeting data on all nearby hostile targets to allies within 1800 units, including fighters. Increases allied weapon damage to fighters and missiles by 50%, and boosts non-missile weapon range by 20%.",1800 | 50% | 20%,
,,,,,,
nskr_animebad,SHIP_SYSTEM,"Marks a target, disabling its engines and significantly increasing damage taken from all sources.",Offensive,,,
,,,,,,
nskr_bfpulse,SHIP_SYSTEM,"Releases an immense area blast, destroying projectiles, missiles, and fighters, then channels absorbed energy into a chaining shock bolt.",Special,,,
,,,,,,
nskr_causality,SHIP_SYSTEM,"Reflects projectiles, absorbs energy, and gradually boosts ship stats along with time dilation.",Special,,,
,,,,,,
nskr_warp,SHIP_SYSTEM,Warps the ship forward based on its velocity vector. Range increases with speed; best used laterally.,Movement,,,
,,,,,,
nskr_emflak,SHIP_SYSTEM,Deploys advanced EM-charged mines that destroy incoming projectiles and missiles.,Defensive,,,
,,,,,,
nskr_unchained,SHIP_SYSTEM,"Unlocks the full power of the Kingslayer. Increases all weapon rate of fire and reduces flux cost accordingly. Improves top speed and manoeuvrability, but disables shields. Toggleable.",Special,"Unlocks the full power of the Kingslayer. Increases all weapon rate of fire by 75% and reduces flux cost accordingly. Improves top speed and manoeuvrability, but disables shields. Toggleable.",75%,
,,,,,,
nskr_stasisp,SHIP_SYSTEM,"Recharges the stasis generator weapon and generates flux. If already charged, fires the weapon without generating flux.",Special,,,
,,,,,,
nskr_stasis,WEAPON,Launches a stasis sphere that slows all ships caught in the blast. Less effective against lighter ships.,Special,,,
,,,,,,
nskr_kaboom,SHIP_SYSTEM,"Arms the ship’s antimatter payload, triggering a massive explosion after a delay.",Offensive,,,
,,,,,,
nskr_protocolsystem,SHIP_SYSTEM,Allows switching between protocols that enhance specific ship systems.,Special,,,
,,,,,,
nskr_missilesalvo,SHIP_SYSTEM,"Phases in a salvo of 6 missiles, dealing Energy and EMP damage. Missiles range depends on ECCM rating.",Offensive,"Phases in a salvo of 6 missiles, each dealing 400 Energy and 400 EMP damage. Missiles have a default range of 1000 units, extended to 1600 units with ECCM.",6 | 400 Energy | 400 EMP,
,,,,,,
nskr_mercurial,SHIP_SYSTEM,Grants high speed and maneuverability for a brief duration. Has multiple charges.,Movement,,,
,,,,,,
nskr_emBlast,SHIP_SYSTEM,"Upon taking severe damage, begins a 2.5 second self-destruct to release a large, arcing EMP blast. Drone slows and becomes more resistant to damage while charging.",Offensive,,,
,,,,,,
nskr_energyprecision,SHIP_SYSTEM,Increases energy weapon range and boosts projectile velocity.,Offensive,Increases energy weapon range by 300 units and boosts projectile velocity by 50%.,300 | 50%,
,,,,,,
nskr_rapidfire,SHIP_SYSTEM,Dramatically boosts ballistic weapon fire rate and reduces flux cost briefly. The ill advised nature of this system has a chance to cause malfunctions. Has multiple charges.,Offensive,,,
,,,,,,
nskr_pullback,SHIP_SYSTEM,Pulls the ship back to a previous position. Has multiple charges.,Movement,,,
,,,,,,
nskr_powersurge,SHIP_SYSTEM,"Grants a strong forward speed burst, then briefly boosts weapon fire rate.",Movement,,,
,,,,,,
nskr_fluxdump,SHIP_SYSTEM,Provides a short burst of flux dissipation and movement speed while dissipating hard flux. Gains charges only by destroying enemies.,Offensive,,,
,,,,,,
nskr_advance,SHIP_SYSTEM,"Grants escalating bonuses in stages as damage is dealt: speed and agility, then rate of fire and flux efficiency, and finally weapon damage and projectile speed. Each stage increases effect strength.",Offensive,,,
,,,,,,
nskr_bubble,SHIP_SYSTEM,Greatly improves shield performance for a short time.,Defensive,,,
,,,,,,
nskr_distortionburn,SHIP_SYSTEM,"Temporarily boosts top speed and maneuverability, but forces acceleration. Interference anomalies damage any target caught behind the ship - including allies. Has multiple charges.",Movement,,,
,,,,,,
nskr_projfield,SHIP_SYSTEM,"Projects a defensive field that slows missiles and fighters, and repels projectiles. More effective against high-damage threats.",Defensive,,,
,,,,,,
nskr_omniload,SHIP_SYSTEM,"Instantly reloads non-missile weapons. If the affected non-missile weapon is ammo-based, restores 25% of max ammo. Has multiple charges.",Offensive,,,
,,,,,,
nskr_bigflak,SHIP_SYSTEM,Fires a single heavy proximity charge. Takes time to arm.,Offensive,,,
,,,,,,
nskr_harmonics,SHIP_SYSTEM,"Boosts timeflow of a target allied ship for duration. The effect decays over time. This ship inherits the target's movement stats, also decaying over the same period.",Utility,"Boosts timeflow of a target allied ship within 1500su by 3x, decaying over 10 seconds. This ship inherits the target's movement stats, also decaying over the same period.",1500su | 3x,
,,,,,,
nskr_electronics,RESOURCE,"High-value components recovered from relics scattered across the sector’s fringes. Though mostly nonfunctional, collectors and specialists will pay well - provided you know where to look.",,,,
,,,,,,
nskr_station_heart,CUSTOM,"A massive shell of salvaged plates, station husks, and shipwrecked hulls encloses a core that reads as unmistakably ancient. The hive-like mass hums with activity. Overlapping SOS signals flood the comms as soon as sensors lock on, drowned out only by radiation alarms.",,,,
,,,,,,
nskr_station_heart_d,CUSTOM,"The broken shell of what once bristled with signals and heat. Shattered hulls drift in slow arcs, trailing a thinning haze of radiation. The mind that once stirred at its core is silent now - along with the thousands who never chose to be part of it.",,,,
,,,,,,
kesteven,FACTION,"A pre-Collapse megacorporation based on the factory-world Asteria, Kesteven Construction specializes in prefab infrastructure and warship production. With Domain oversight gone, the company gained full control of the planet through its proxy, the Democratic Republic of Asteria - a nominal democracy whose policies reliably align with corporate interests.

KCC maintains stability through high military spending and economic leverage, but its autonomy is largely illusory. The company’s leadership rarely acts without tacit Hegemony approval, and Asteria’s factories run as much for Hegemony supply chains as for corporate profit. In practice, Kesteven serves as a convenient arm of Hegemonic industry - deniable, but deeply entangled.",,,,
,,,,,,
nskr_asteria,CUSTOM,"A cold, metal-rich world orbiting a guttered white dwarf. The bunker-planet hosts Kesteven’s primary Domain-era manufacturing complexes, much of which remains in use. Now nominally governed by the Democratic Republic of Asteria, real authority lies with the Kesteven Corporation and its Hegemony-aligned handlers.",,,,
,,,,,,
nskr_asteria_station,CUSTOM,"A heavily fortified orbital station serving as both customs hub and military outpost. Dense traffic from freighters, patrol craft, and corporate logistics flows constantly through its berths, monitored by Kesteven security forces.",,,,
,,,,,,
nskr_outpost,CUSTOM,"A recently established Kesteven installation, steadily expanding to support the corporation’s deep-space initiatives. It serves as a staging ground for expeditions pushing into the sector’s fringes.",,,,
,,,,,,
nskr_enigmabase,CUSTOM,"An abandoned research platform, likely sited to exploit anomalous local conditions - or to contain experiments best kept distant from civilization. Most of the structure appears long dormant, inert for cycles, but certain sections show signs of recent use. Further investigation is warranted.",,,,
,,,,,,
nskr_blacksite,CUSTOM,"A sizeable improvised station, pieced together from cargo modules and prefabs. Ostensibly a storage depot, its remote location and minimal oversight suggest a role in less-than-legal logistics.",,,,
,,,,,,
nskr_blacksite_cleared,CUSTOM,"A sizeable improvised station, pieced together from cargo modules and prefabs. Ostensibly a storage depot, its remote location and minimal oversight suggest a role in less-than-legal logistics. With its defenders routed, the station lies open, its cargo unsecured and waiting.",,,,
,,,,,,
nskr_ice_desert,PLANET,"A cold, dust-choked world where patches of water ice persist as snow, likely sustained by asteroid deposition or remnants of long-vanished seas. The frigid climate also traps frozen carbon dioxide, mingling with the ice in the planet’s thin regolith.",,,,
,,,,,,
nskr_artifact,CUSTOM,"An ancient communications satellite, fragment of a long-defunct relay network. It drifts in silence, broadcasting a faint, intermittent signal - just enough to register on your sensors.",,,,
,,,,,,
nskr_core,CUSTOM,"A small cluster of computer cores, remnants of a recently destroyed fleet. Power traces linger faintly.",,,,
,,,,,,
,,,,,,